-- 插入用户（包含三种角色）
INSERT INTO Users (UserID, name, telephoneno, role,password) VALUES
('U004', '赵六', '13800000004', 'recipient', '11223344'),
('U005', '可乐', '13800000005', 'recipient', 'wE93s7rY'),
('U006', '青柠', '13800000006', 'recipient', 'pL51d4fG'),
('U007', '余生', '13800000007', 'recipient', 'mN62c8vB'),
('U008', '饭饭', '13800000008', 'recipient', 'jK43h9gF'),
('U009', '梦雨千寻', '1380000009', 'recipient', 'aS15d6fH'),
('U011', '万事无关我', '13800000010', 'recipient', 'qW26e7rT'),
('U012', '小小怪下士', '13800000011', 'recipient', 'yU37i8oP'),
('U013', '打打怪将军', '13800000012', 'recipient', 'sD48f9gH'),
('U014', '三角梅', '13700000013', 'recipient', 'hJ59k0lM'),
('U101', '花花旗舰店', '13700000022', 'addresser', 'pO60i1uY'),
('U102', '浪漫花艺店', '13700000023', 'addresser', 'tR71e2wQ'),
('U103', '云中歌', '13700000222', 'addresser', 'cV82b3nM'),
('U104', '幸福居所', '13700000024', 'addresser', 'bN93m4kL'),
('U105', '创意文具店', '13700000025', 'addresser', 'vC04x5zA'),
('U106', '个性家具', '13700000026', 'addresser', 'nM15b6vN'),
('U107', '美丽室内设计', '13700000027', 'addresser', 'mK26j7hG'),
('U108', '品质男装', '13700000028', 'addresser', 'lJ37k8jH'),
('U109', '心动时光', '13700000029', 'addresser', 'kL48l9pO'),
('U201', '李岩松', '13800110003', 'courier', 'aB59c0dE'),
('U202', '吴丽嫦', '13800220003', 'courier', 'fG60h1iJ'),
('U203', '杨工', '13800003303', 'courier', 'jK71l2mN'),
('U204', '李玉荣', '13800440003', 'courier', 'pO82q3rS'),
('U205', '华泰高', '13800550003', 'courier', 'tU93v4wX'),
('U206', '玉渊潭', '13800660003', 'courier', 'yZ04a5bC'),
('U207', '杨科问', '13800770003', 'courier', 'dE15f6gH'),
('U208', '杨欢欢', '13800880003', 'courier', 'iJ26k7lM'),
('U209', '高小英', '13800990003', 'courier', 'nO37p8qR');


-- 插入子类用户
INSERT INTO recipient (UserID, preffered_payment_methods, default_shippingaddr) VALUES
('U004', '支付宝', '北京市朝阳区光华路45号'),
('U005', '银联卡', '广州市天河区珠江新城华夏路8号'),
('U006', '微信支付', '深圳市南山区科技园南区科苑路66号'),
('U007', 'Apple Pay', '杭州市西湖区文三路90号东部软件园'),
('U008', '京东支付', '成都市高新区天府大道北段1700号'),
('U009', '银行卡转账', '武汉市武昌区中北路109号'),
('U010', '微信支付', '南京市玄武区中山路18号德基广场'),
('U011', '支付宝', '杭州市滨江区物联网街369号'),
('U012', '现金支付', '重庆市渝中区解放碑街道民族路188号'),
('U013', '银联卡', '西安市高新区锦业路12号迈科中心'),
('U014', '微信支付', '苏州市工业园区苏州大道东456号');

INSERT INTO addresser (UserID, shippingaddr) VALUES
('U101', '上海市浦东新区张江高科技园区博云路2号'),
('U102', '天津市河西区友谊路35号'),
('U103', '广州市天河区珠江新城冼村路5号'),
('U104', '深圳市福田区深南大道1006号'),
('U105', '杭州市余杭区文一西路969号'),
('U106', '成都市武侯区天府大道中段1388号'),
('U107', '武汉市洪山区珞喻路1037号'),
('U108', '南京市鼓楼区中山北路2号'),
('U109', '杭州市西湖区天目山路327号');

INSERT INTO courier (UserID, delivery_area) VALUES
('U201', '上海市浦东新区'),
('U202', '广州市天河区,越秀区,荔湾区'),
('U203', '深圳市南山区,福田区'),
('U204', '杭州市西湖区,余杭区'),
('U205', '成都市高新区,武侯区'),
('U206', '武汉市武昌区,洪山区'),
('U207', '南京市鼓楼区,建邺区'),
('U208', '苏州市姑苏区,工业园区'),
('U209', '长沙市岳麓区,天心区');


-- 插入订单

INSERT INTO orders (orderID, ostatus, setting_time, dispatchaddr, reciptaddr, senderID, recipientID) VALUES
('O1002', '已揽件', '2025-05-20 10:30:00', '上海市浦东新区张江高科技园区博云路2号', '北京市朝阳区光华路45号', 'U101', 'U004'),
('O1003', '运输中', '2025-05-20 11:00:00', '天津市河西区友谊路35号', '北京市朝阳区光华路45号', 'U102', 'U004'),
('O1004', '待派送', '2025-05-20 11:30:00', '深圳市福田区深南大道1006号', '广州市天河区珠江新城华夏路8号', 'U104', 'U005'),
('O1005', '已签收', '2025-05-20 12:00:00', '深圳市福田区深南大道1006号', '深圳市南山区科技园南区科苑路66号', 'U104', 'U006'),
('O1006', '待揽件', '2025-05-20 12:30:00', '深圳市福田区深南大道1006号', '杭州市西湖区文三路90号东部软件园', 'U104', 'U007'),
('O1007', '已揽件', '2025-05-20 13:00:00', '杭州市余杭区文一西路969号', '成都市高新区天府大道北段1700号', 'U105', 'U008'),
('O1008', '运输中', '2025-05-20 13:30:00', '杭州市余杭区文一西路969号', '广州市天河区珠江新城华夏路8号', 'U105', 'U005'),
('O1009', '待派送', '2025-05-20 14:00:00', '杭州市余杭区文一西路969号', '北京市朝阳区光华路45号', 'U105', 'U004'),
('O1010', '已签收', '2025-05-20 14:30:00', '成都市武侯区天府大道中段1388号', '北京市朝阳区光华路45号', 'U106', 'U004'),
('O1011', '待揽件', '2025-05-20 15:00:00', '成都市武侯区天府大道中段1388号', '北京市朝阳区光华路45号', 'U106', 'U004'),
('O1012', '已揽件', '2025-05-20 15:30:00', '成都市武侯区天府大道中段1388号', '北京市朝阳区光华路45号', 'U106', 'U004'),
('O1013', '运输中', '2025-05-20 16:00:00', '武汉市洪山区珞喻路1037号', '北京市朝阳区光华路45号', 'U107', 'U004'),
('O1014', '待派送', '2025-05-20 16:30:00', '武汉市洪山区珞喻路1037号', '深圳市南山区科技园南区科苑路66号', 'U107', 'U006'),
('O1015', '已签收', '2025-05-20 17:00:00', '武汉市洪山区珞喻路1037号', '成都市高新区天府大道北段1700号', 'U107', 'U008');

-- 插入货物信息
INSERT INTO commodity (commodityID, cstatus, logistic_timeline, Expdeliverytime, orderID, courierID) VALUES

('C000002', '待揽件', '2025-05-20 10:30:00 下单成功', '2025-05-22', 'O1002', 'U201'),
('C000003', '已揽件', '2025-05-20 11:00:00 已揽件；2025-05-20 14:30:00 离开广州分拨中心', '2025-05-23', 'O1003', 'U201'),
('C000004', '运输中', '2025-05-20 11:30:00 已揽件；2025-05-21 09:00:00 到达深圳分拨中心', '2025-05-22', 'O1004', 'U201'),
('C000005', '已签收', '2025-05-20 12:00:00 已揽件；2025-05-21 10:00:00 到达成都分拨中心；2025-05-22 09:30:00 开始派送；2025-05-22 14:15:00 已签收', '2025-05-22', 'O1005', 'U201'),
('C000006', '待揽件', '2025-05-20 12:30:00 下单成功', '2025-05-24', 'O1006', 'U202'),
('C000007', '已揽件', '2025-05-20 13:00:00 已揽件；2025-05-21 11:00:00 离开西安分拨中心', '2025-05-23', 'O1007', 'U202'),
('C000008', '运输中', '2025-05-20 13:30:00 已揽件；2025-05-21 12:00:00 到达南京分拨中心', '2025-05-22', 'O1008', 'U202'),
('C000009', '待派送', '2025-05-20 14:00:00 已揽件；2025-05-21 13:00:00 到达广州分拨中心；2025-05-22 10:00:00 离开分拨中心，开始派送', '2025-05-22', 'O1009', 'U202'),
('C000010', '已签收', '2025-05-20 14:30:00 已揽件；2025-05-21 14:00:00 到达天津分拨中心；2025-05-22 11:00:00 开始派送；2025-05-22 16:45:00 已签收', '2025-05-22', 'O1010', 'U203'),
('C000011', '待揽件', '2025-05-20 15:00:00 下单成功', '2025-05-23', 'O1011', 'U203'),
('C000012', '已揽件', '2025-05-20 15:30:00 已揽件；2025-05-21 15:00:00 离开北京分拨中心', '2025-05-23', 'O1012', 'U203'),
('C000013', '运输中', '2025-05-20 16:00:00 已揽件；2025-05-21 16:00:00 到达深圳分拨中心', '2025-05-23', 'O1013', 'U203'),
('C000014', '待派送', '2025-05-20 16:30:00 已揽件；2025-05-21 17:00:00 到达成都分拨中心；2025-05-22 14:00:00 离开分拨中心，开始派送', '2025-05-23', 'O1014', 'U204'),
('C000015', '已签收', '2025-05-20 17:00:00 已揽件；2025-05-21 18:00:00 到达南京分拨中心；2025-05-22 15:00:00 开始派送；2025-05-22 18:30:00 已签收', '2025-05-22', 'O1015', 'U205');

INSERT INTO evaluation (evaluationID, score, orderID, recipientID) VALUES
('E1005', '5', 'O1005', 'U006'),
('E1006', '4', 'O1006', 'U007'),
('E1007', '5', 'O1007', 'U008'),
('E1008', '3', 'O1008', 'U005'),
('E1009', '4', 'O1009', 'U004'),
('E1010', '5', 'O1010', 'U004'),
('E1011', '4', 'O1011', 'U004'),
('E1012', '5', 'O1012', 'U004'),
('E1013', '3', 'O1013', 'U004'),
('E1014', '4', 'O1014', 'U006'),
('E1015', '5', 'O1015', 'U008');
('E1004', '4', 'O1004', 'U006'),


